scenario,energy_kwh_day,cost_eur_day,carbon_kg_day
baseline,21.739807717469,6.956738469590079,9.13071924133698
optimized,31.680004119873047,10.137600898742676,13.305601119995117
